Page,Pageviews
/sports/8-mlb-teams-that-have-never-won-the-world-series.html/?a=viewall,"90,844"
/sports/8-longest-mlb-games-ever-played.html/?a=viewall,"66,510"
/sports/8-best-mlb-teams-of-all-time.html/?a=viewall,"61,644"
/sports/wrigleys-100th-birthday-and-the-5-oldest-baseball-parks-in-the-u-s.html/?a=viewall,"25,415"
/sports/8-highest-paid-mlb-players-of-2015-the-no-yankee-edition.html/?a=viewall,"23,792"
/sports/8-mlb-pitchers-throwing-100-mph-or-faster-in-2015.html/?a=viewall,"22,711"
/sports/the-6-greatest-catchers-to-ever-play-baseball.html/?a=viewall,"17,304"
/sports/mlb-the-top-5-projected-bullpens-for-2016.html/?a=viewall,"16,763"
/sports/mlb-the-top-5-projected-lineups-for-2016.html/?a=viewall,"16,763"
/sports/5-best-shortstops-to-ever-play-in-the-mlb.html/?a=viewall,"16,222"
/sports/5-mlb-teams-world-series-titles.html/?a=viewall,"15,141"
/sports/5-top-mlb-players-involved-in-doping-scandals.html/?a=viewall,"14,059"
/sports/mlb-the-8-teams-that-have-never-won-the-world-series.html/?a=viewall,"14,059"
/sports/mlb-the-top-5-projected-starting-rotations-for-2016.html/?a=viewall,"10,274"
/sports/top-50-home-run-hitters-of-all-time.html/?a=viewall,"10,274"
/sports/5-biggest-contracts-for-a-starting-pitcher-in-mlb-history.html/?a=viewall,"9,733"
/sports/7-mlb-batters-whose-cheating-exploits-live-in-infamy.html/?a=viewall,"9,733"
/sports/mlb-who-vegas-is-picking-to-win-the-2016-world-series.html/?a=viewall,"9,733"
/sports/5-mlb-pitchers-throwing-101-mph-or-faster-in-2016.html/?a=viewall,"8,652"
/sports/mlb-chicago-cubs-win-world-series.html/?a=viewall,"8,652"
/sports/longest-baseball-games-ever-played.html/?a=viewall,"8,111"
/sports/the-5-most-valuable-mlb-teams-today.html/?a=viewall,"7,570"
/sports/the-6-highest-paid-mlb-managers-in-2014.html/?a=viewall,"7,570"
/sports/top-10-mlb-hall-of-famers-by-highest-vote-percentage.html/?a=viewall,"7,030"
/sports/6-things-to-know-about-the-pete-rose-ban.html/?a=viewall,"6,489"
/sports/reasons-angels-trade-mike-trout-phillies.html/?a=viewall,"5,407"
/sports/10-mlb-players-with-the-best-selling-jerseys-of-2015.html/?a=viewall,"4,867"
/sports/mlb-the-cardinals-are-already-in-big-trouble-this-season.html/?a=viewall,"4,867"
/sports/mlb-the-surprising-twists-of-dee-gordons-ped-suspension.html/?a=viewall,"4,867"
/sports/chicago-cubs-2017-projected-starting-lineup.html/?a=viewall,"4,867"
/sports/greatest-mlb-teams-of-all-time.html/?a=viewall,"4,326"
/sports/mlb-3-important-rule-changes-taking-effect-in-2016.html/?a=viewall,"4,326"
/sports/mlb-projected-new-york-yankees-rotation-for-2017.html/?a=viewall,"4,326"
/sports/mlb-starting-pitchers-available-trade.html/?a=viewall,"4,326"
/sports/8-mlb-pitchers-throwing-100-mph-or-faster-in-2014.html/?a=viewall,"3,785"
/sports/going-going-the-6-slowest-home-run-trots-in-mlb-history.html/?a=viewall,"3,785"
/sports/mlb-chicago-cubs-want-playoffs.html/?a=viewall,"3,785"
/sports/mlb-free-agency-best-bargains-2017.html/?a=viewall,"3,785"
/sports/mlb-the-4-longest-hit-streaks-in-2015.html/?a=viewall,"3,785"
/sports/these-6-cities-have-produced-the-most-current-mlb-players.html/?a=viewall,"3,785"
/sports/10-most-unbreakable-records-in-major-league-baseball-history.html/?a=viewall,"3,785"
/sports/fantasy-baseball-5-risky-players-ranked-in-the-top-50.html/2/,"3,785"
/sports/how-many-mlb-wild-card-teams-have-won-the-world-series.html/?a=viewall,"3,244"
/sports/mlb-5-bold-predictions-for-the-2016-season.html/?a=viewall,"3,244"
/sports/mlb-5-retiring-players-well-miss-after-2015.html/?a=viewall,"3,244"
/sports/mlb-7-cheating-pitchers-who-make-deflategate-seem-like-childs-play.html/?a=viewall,"3,244"
/sports/mlb-anthems-5-signature-ballpark-songs.html/?a=viewall,"3,244"